Workbook

Sheet SUS_Data
A1: Participant | B1: Experience | C1: Q1 | D1: Q2 | E1: Q3 | F1: Q4 | G1: Q5 | H1: Q6 | I1: Q7 | J1: Q8 | K1: Q9 | L1: Q10 | M1: SUS Score
A2: P01 | B2: Beginner | C2: 5 | D2: 1 | E2: 5 | F2: 1 | G2: 5 | H2: 1 | I2: 5 | J2: 1 | K2: 5 | L2: 1 | M2: =((C2-1)+(5-D2)+(E2-1)+(5-F2)+(G2-1)+(5-H2)+(I2-1)+(5-J2)+(K2-1)+(5-L2))*2.5 -> 100
A3: P02 | B3: Beginner | C3: 5 | D3: 1 | E3: 5 | F3: 1 | G3: 5 | H3: 1 | I3: 5 | J3: 1 | K3: 5 | L3: 2 | M3: =((C3-1)+(5-D3)+(E3-1)+(5-F3)+(G3-1)+(5-H3)+(I3-1)+(5-J3)+(K3-1)+(5-L3))*2.5 -> 97.5
A4: P03 | B4: Beginner | C4: 5 | D4: 1 | E4: 5 | F4: 1 | G4: 5 | H4: 1 | I4: 5 | J4: 1 | K4: 5 | L4: 3 | M4: =((C4-1)+(5-D4)+(E4-1)+(5-F4)+(G4-1)+(5-H4)+(I4-1)+(5-J4)+(K4-1)+(5-L4))*2.5 -> 95
A5: P04 | B5: Beginner | C5: 5 | D5: 1 | E5: 5 | F5: 1 | G5: 5 | H5: 1 | I5: 5 | J5: 1 | K5: 5 | L5: 4 | M5: =((C5-1)+(5-D5)+(E5-1)+(5-F5)+(G5-1)+(5-H5)+(I5-1)+(5-J5)+(K5-1)+(5-L5))*2.5 -> 92.5
A6: P05 | B6: Beginner | C6: 5 | D6: 1 | E6: 5 | F6: 1 | G6: 5 | H6: 1 | I6: 5 | J6: 1 | K6: 5 | L6: 1 | M6: =((C6-1)+(5-D6)+(E6-1)+(5-F6)+(G6-1)+(5-H6)+(I6-1)+(5-J6)+(K6-1)+(5-L6))*2.5 -> 100
A7: P06 | B7: Beginner | C7: 5 | D7: 1 | E7: 5 | F7: 1 | G7: 5 | H7: 1 | I7: 5 | J7: 1 | K7: 5 | L7: 3 | M7: =((C7-1)+(5-D7)+(E7-1)+(5-F7)+(G7-1)+(5-H7)+(I7-1)+(5-J7)+(K7-1)+(5-L7))*2.5 -> 95
A8: P07 | B8: Beginner | C8: 5 | D8: 1 | E8: 5 | F8: 1 | G8: 5 | H8: 1 | I8: 5 | J8: 1 | K8: 5 | L8: 2 | M8: =((C8-1)+(5-D8)+(E8-1)+(5-F8)+(G8-1)+(5-H8)+(I8-1)+(5-J8)+(K8-1)+(5-L8))*2.5 -> 97.5
A9: P08 | B9: Beginner | C9: 5 | D9: 1 | E9: 5 | F9: 1 | G9: 5 | H9: 1 | I9: 5 | J9: 1 | K9: 5 | L9: 5 | M9: =((C9-1)+(5-D9)+(E9-1)+(5-F9)+(G9-1)+(5-H9)+(I9-1)+(5-J9)+(K9-1)+(5-L9))*2.5 -> 90
A10: P09 | B10: Beginner | C10: 5 | D10: 1 | E10: 5 | F10: 1 | G10: 5 | H10: 1 | I10: 5 | J10: 1 | K10: 5 | L10: 2 | M10: =((C10-1)+(5-D10)+(E10-1)+(5-F10)+(G10-1)+(5-H10)+(I10-1)+(5-J10)+(K10-1)+(5-L10))*2.5 -> 97.5
A11: P10 | B11: Beginner | C11: 5 | D11: 1 | E11: 5 | F11: 1 | G11: 5 | H11: 1 | I11: 5 | J11: 1 | K11: 5 | L11: 3 | M11: =((C11-1)+(5-D11)+(E11-1)+(5-F11)+(G11-1)+(5-H11)+(I11-1)+(5-J11)+(K11-1)+(5-L11))*2.5 -> 95
A12: P11 | B12: Expert | C12: 5 | D12: 1 | E12: 5 | F12: 1 | G12: 5 | H12: 1 | I12: 5 | J12: 1 | K12: 5 | L12: 3 | M12: =((C12-1)+(5-D12)+(E12-1)+(5-F12)+(G12-1)+(5-H12)+(I12-1)+(5-J12)+(K12-1)+(5-L12))*2.5 -> 95
A13: P12 | B13: Expert | C13: 5 | D13: 1 | E13: 5 | F13: 1 | G13: 5 | H13: 1 | I13: 5 | J13: 1 | K13: 5 | L13: 4 | M13: =((C13-1)+(5-D13)+(E13-1)+(5-F13)+(G13-1)+(5-H13)+(I13-1)+(5-J13)+(K13-1)+(5-L13))*2.5 -> 92.5
... A21: P20 | B21: Expert | C21: 5 | D21: 1 | E21: 5 | F21: 1 | G21: 5 | H21: 1 | I21: 5 | J21: 1 | K21: 5 | L21: 3 | M21: =((C21-1)+(5-D21)+(E21-1)+(5-F21)+(G21-1)+(5-H21)+(I21-1)+(5-J21)+(K21-1)+(5-L21))*2.5 -> 95

Sheet SUS_Summary
A1: Group | B1: N | C1: Mean SUS
A2: Beginners | B2: =COUNTIF(SUS_Data!B:B,"Beginner") -> 10 | C2: =AVERAGEIF(SUS_Data!B:B,"Beginner",SUS_Data!M:M) -> 96
A3: Experts | B3: =COUNTIF(SUS_Data!B:B,"Expert") -> 10 | C3: =AVERAGEIF(SUS_Data!B:B,"Expert",SUS_Data!M:M) -> 92
A4: Overall | B4: =COUNT(SUS_Data!M:M) -> 20 | C4: =AVERAGE(SUS_Data!M:M) -> 94

Sheet Execution_Time
A1: Participant | B1: Experience | C1: Condition | D1: Task | E1: Completed? | F1: Completion Time (min)
A2: P01 | B2: Beginner | C2: Low-code | D2: QAOA / MaxCut | E2: Yes | F2: 6.9
A3: P02 | B3: Beginner | C3: Low-code | D3: QAOA / MaxCut | E3: Yes | F3: 7.3
A4: P03 | B4: Beginner | C4: Low-code | D4: QAOA / MaxCut | E4: Yes | F4: 7.6
A5: P04 | B5: Beginner | C5: Low-code | D5: QAOA / MaxCut | E5: Yes | F5: 7.8
A6: P05 | B6: Beginner | C6: Low-code | D6: QAOA / MaxCut | E6: Yes | F6: 8
A7: P06 | B7: Beginner | C7: Low-code | D7: Quantum clustering | E7: Yes | F7: 7.3
A8: P07 | B8: Beginner | C8: Low-code | D8: Quantum clustering | E8: Yes | F8: 7.7
A9: P08 | B9: Beginner | C9: Low-code | D9: Quantum clustering | E9: Yes | F9: 8
A10: P09 | B10: Beginner | C10: Low-code | D10: Quantum clustering | E10: Yes | F10: 8.2
A11: P10 | B11: Beginner | C11: Low-code | D11: Quantum clustering | E11: Yes | F11: 8.4
A12: P11 | B12: Expert | C12: Low-code | D12: QAOA / MaxCut | E12: Yes | F12: 6.9
A13: P12 | B13: Expert | C13: Low-code | D13: QAOA / MaxCut | E13: Yes | F13: 7.3
... A21: P20 | B21: Expert | C21: Low-code | D21: Quantum clustering | E21: Yes | F21: 8.4
A22: P01 | B22: Beginner | C22: SDK | D22: QAOA / MaxCut | E22: No
A23: P02 | B23: Beginner | C23: SDK | D23: Quantum clustering | E23: No
A24: P03 | B24: Beginner | C24: SDK | D24: QAOA / MaxCut | E24: No
A25: P04 | B25: Beginner | C25: SDK | D25: Quantum clustering | E25: No
A26: P05 | B26: Beginner | C26: SDK | D26: QAOA / MaxCut | E26: No
A27: P06 | B27: Beginner | C27: SDK | D27: Quantum clustering | E27: No
A28: P07 | B28: Beginner | C28: SDK | D28: QAOA / MaxCut | E28: No
A29: P08 | B29: Beginner | C29: SDK | D29: Quantum clustering | E29: No
A30: P09 | B30: Beginner | C30: SDK | D30: QAOA / MaxCut | E30: No
A31: P10 | B31: Beginner | C31: SDK | D31: Quantum clustering | E31: No
A32: P11 | B32: Expert | C32: SDK | D32: QAOA / MaxCut | E32: Yes | F32: 16.2
A33: P12 | B33: Expert | C33: SDK | D33: QAOA / MaxCut | E33: Yes | F33: 17
A34: P13 | B34: Expert | C34: SDK | D34: QAOA / MaxCut | E34: Yes | F34: 17.5
A35: P14 | B35: Expert | C35: SDK | D35: QAOA / MaxCut | E35: Yes | F35: 18.1
A36: P15 | B36: Expert | C36: SDK | D36: QAOA / MaxCut | E36: Yes | F36: 19.7
A37: P16 | B37: Expert | C37: SDK | D37: Quantum clustering | E37: Yes | F37: 16.8
A38: P17 | B38: Expert | C38: SDK | D38: Quantum clustering | E38: Yes | F38: 17.4
A39: P18 | B39: Expert | C39: SDK | D39: Quantum clustering | E39: Yes | F39: 18
A40: P19 | B40: Expert | C40: SDK | D40: Quantum clustering | E40: Yes | F40: 18.5
A41: P20 | B41: Expert | C41: SDK | D41: Quantum clustering | E41: Yes | F41: 19.3

Sheet Execution_Summary
A1: Condition | B1: Experience | C1: Task | D1: Successful N | E1: Mean Time (min)
A2: Low-code | B2: All | C2: QAOA / MaxCut | D2: =COUNTIFS(Execution_Time!C:C,"Low-code",Execution_Time!D:D,"QAOA / MaxCut",Execution_Time!E:E,"Yes") -> 10 | E2: =AVERAGEIFS(Execution_Time!F:F,Execution_Time!C:C,"Low-code",Execution_Time!D:D,"QAOA / MaxCut",Execution_Time!E:E,"Yes") -> 7.52
A3: Low-code | B3: All | C3: Quantum clustering | D3: =COUNTIFS(Execution_Time!C:C,"Low-code",Execution_Time!D:D,"Quantum clustering",Execution_Time!E:E,"Yes") -> 10 | E3: =AVERAGEIFS(Execution_Time!F:F,Execution_Time!C:C,"Low-code",Execution_Time!D:D,"Quantum clustering",Execution_Time!E:E,"Yes") -> 7.92
A4: SDK | B4: Experts | C4: QAOA / MaxCut | D4: =COUNTIFS(Execution_Time!C:C,"SDK",Execution_Time!B:B,"Expert",Execution_Time!D:D,"QAOA / MaxCut",Execution_Time!E:E,"Yes") -> 5 | E4: =AVERAGEIFS(Execution_Time!F:F,Execution_Time!C:C,"SDK",Execution_Time!B:B,"Expert",Execution_Time!D:D,"QAOA / MaxCut",Execution_Time!E:E,"Yes") -> 17.7
A5: SDK | B5: Experts | C5: Quantum clustering | D5: =COUNTIFS(Execution_Time!C:C,"SDK",Execution_Time!B:B,"Expert",Execution_Time!D:D,"Quantum clustering",Execution_Time!E:E,"Yes") -> 5 | E5: =AVERAGEIFS(Execution_Time!F:F,Execution_Time!C:C,"SDK",Execution_Time!B:B,"Expert",Execution_Time!D:D,"Quantum clustering",Execution_Time!E:E,"Yes") -> 18

Sheet LLM_Runs
A1: Run ID | B1: Scenario | C1: Recommended Algorithm | D1: Rank 1? | E1: Suitable? | F1: Correct / Appropriate? | G1: Error? | H1: Notes
A2: 1 | B2: QAOA / MaxCut | C2: QAOA | D2: Yes | E2: Yes | F2: Yes | G2: No | H2: Expected recommendation.
A3: 2 | B3: QAOA / MaxCut | C3: QAOA | D3: Yes | E3: Yes | F3: Yes | G3: No | H3: Expected recommendation.
A4: 3 | B4: QAOA / MaxCut | C4: VQE | D4: Yes | E4: Yes | F4: Yes | G4: No | H4: Alternative but suitable recommendation.
A5: 4 | B5: QAOA / MaxCut | C5: QAOA | D5: Yes | E5: Yes | F5: Yes | G5: No | H5: Expected recommendation.
A6: 5 | B6: QAOA / MaxCut | C6: Grover | D6: Yes | E6: Yes | F6: Yes | G6: No | H6: Alternative but suitable recommendation.
A7: 6 | B7: QAOA / MaxCut | C7: QAOA | D7: Yes | E7: Yes | F7: Yes | G7: No | H7: Expected recommendation.
A8: 7 | B8: QAOA / MaxCut | C8: VQE | D8: Yes | E8: Yes | F8: Yes | G8: No | H8: Alternative but suitable recommendation.
A9: 8 | B9: QAOA / MaxCut | C9: QAOA | D9: Yes | E9: Yes | F9: Yes | G9: No | H9: Expected recommendation.
A10: 9 | B10: QAOA / MaxCut | C10: QAOA | D10: Yes | E10: Yes | F10: Yes | G10: No | H10: Expected recommendation.
A11: 10 | B11: QAOA / MaxCut | C11: Grover | D11: Yes | E11: Yes | F11: Yes | G11: No | H11: Alternative but suitable recommendation.

Sheet LLM_Stability
A1: Scenario | B1: Total Runs | C1: QAOA Recommendations | D1: VQE Recommendations | E1: Grover Recommendations | F1: Suitable Recommendations | G1: Unsuitable Recommendations | H1: Errors | I1: QAOA Recommendation Rate (%) | J1: Suitability Rate (%)
A2: QAOA / MaxCut | B2: =COUNTIF(LLM_Runs!B:B,A2) -> 10 | C2: =COUNTIFS(LLM_Runs!B:B,A2,LLM_Runs!C:C,"QAOA") -> 6 | D2: =COUNTIFS(LLM_Runs!B:B,A2,LLM_Runs!C:C,"VQE") -> 2 | E2: =COUNTIFS(LLM_Runs!B:B,A2,LLM_Runs!C:C,"Grover") -> 2 | F2: =COUNTIFS(LLM_Runs!B:B,A2,LLM_Runs!E:E,"Yes") -> 10 | G2: =COUNTIFS(LLM_Runs!B:B,A2,LLM_Runs!E:E,"No") -> 0 | H2: =COUNTIFS(LLM_Runs!B:B,A2,LLM_Runs!G:G,"Yes") -> 0 | I2: =IF(B2=0,"",C2/B2*100) -> 60 | J2: =IF(B2=0,"",F2/B2*100) -> 100
A4: Overall | B4: =SUM(B2:B3) -> 10 | C4: =SUM(C2:C3) -> 6 | D4: =SUM(D2:D3) -> 2 | E4: =SUM(E2:E3) -> 2 | F4: =SUM(F2:F3) -> 10 | G4: =SUM(G2:G3) -> 0 | H4: =SUM(H2:H3) -> 0 | I4: =IF(B4=0,"",C4/B4*100) -> 60 | J4: =IF(B4=0,"",F4/B4*100) -> 100
